label,sim_id,final_status,objective,Cumulative_Carbon_g,Cumulative_Scope2_Carbon_g,Cumulative_Scope1_Carbon_g,Cumulative_Cost_EUR,Cumulative_Unserved_kWh,Cumulative_EqualService_Carbon_g,Cumulative_EqualService_Cost_EUR,Cumulative_EqualService_Unserved_kWh,Cumulative_Passive_Carbon_g,Cumulative_Passive_Cost_EUR,Cumulative_Passive_Unserved_kWh,Cumulative_Backup_Energy_kWh,Cumulative_Backup_Fuel_Cost_EUR,Cumulative_Grid_Energy_kWh,Cumulative_PV_Energy_kWh,Cumulative_DC_Energy_kWh,Cumulative_BESS_Throughput_kWh,Cumulative_BESS_Discharge_kWh,Cumulative_Congestion_Served_kWh,Replan_Count,Min_SOC_Overall,Min_SOC_During_Curtailment,Grid_Compliance_Rate,Cumulative_Grid_CFE_kWh,Grid_CFE_Coverage,CFE_Score,Grid_CFE_Pct,CFE_24x7_Score,Served_Energy_kWh,CI_Served_gPerKWh,EqualService_CI_Served_gPerKWh,NPV_EUR,LCOS_EUR_per_kWh
min_carbon,sw-axis11singleobj-m-d865a894,"all models terminated successfully, the simulation has been terminated",min_carbon,269799539.4028998,269799539.4028998,0.0,101058.51213307382,0.0,286011102.20302236,102208.1598349503,0.0,286011102.20302236,102208.1598349503,0.0,0.0,0.0,1527908.7473205565,55031.27418549319,1483616.5,1622383.0226513322,770605.5577662943,0.0,1067.0,0.0,nan,1.0,864812.7115920858,1.0,0.03709265445989121,56.601070784409046,0.6200011834443598,1483616.5,181.85261447476475,192.7796719725228,-1054865.9753710525,0.0255980860745916
min_cost,sw-axis11singleobj-m-b58f0380,"all models terminated successfully, the simulation has been terminated",min_cost,274897634.31138647,274897634.31138647,0.0,99527.22612473335,0.0,286011102.20302236,102208.1598349503,0.0,286011102.20302236,102208.1598349503,0.0,0.0,0.0,1538354.6506903004,55031.27418549319,1483616.5,1730470.323812287,821749.5385024635,0.0,1086.0,0.0,nan,1.0,860001.0426865941,1.0,0.03709265445989121,55.9039518163571,0.6167579808340546,1483616.5,185.28887641205557,192.7796719725228,-982935.5187065739,0.024004914481860873
max_availability,sw-axis11singleobj-m-3857ade5,"all models terminated successfully, the simulation has been terminated",max_availability,286495735.20302236,286495735.20302236,0.0,102208.16463995031,0.0,286011102.20302236,102208.1598349503,0.0,286011102.20302236,102208.1598349503,0.0,0.0,0.0,1428806.2258145055,55031.27418549319,1483616.5,3802.4999999999995,2802.4999999999995,0.0,161.0,0.0,nan,1.0,763677.8659869231,1.0,0.03709265445989121,53.44866589950507,0.551833401807284,1483616.5,193.10632849056503,192.7796719725228,-1108869.622876922,7.038725208656656
